{"cameraMode":{"drawMode":0,"name":"Shaded","section":"Shading Mode"},"sceneLighting":true,"audioPlay":false,"sceneViewState":{"showFog":true,"showMaterialUpdate":false,"showSkybox":true,"showFlares":true,"showImageEffects":true,"showParticleSystems":true},"in2DMode":false,"pivot":{"x":-1.2553253173828126,"y":-4.796224594116211,"z":-22.81441879272461},"rotation":{"x":-0.10563582926988602,"y":0.8088775873184204,"z":-0.15226377546787263,"w":-0.5588240027427673},"size":90.6401596069336,"orthographic":false}