{"cameraMode":{"drawMode":0,"name":"Shaded","section":"Shading Mode"},"sceneLighting":true,"audioPlay":false,"sceneViewState":{"showFog":true,"showMaterialUpdate":false,"showSkybox":true,"showFlares":true,"showImageEffects":true,"showParticleSystems":true},"in2DMode":false,"pivot":{"x":1.8288849592208863,"y":1.8501434326171876,"z":4.766276836395264},"rotation":{"x":-0.0556873194873333,"y":-0.057779498398303989,"z":0.0032277607824653389,"w":-0.9967774152755737},"size":2.8025455474853517,"orthographic":false}