{"cameraMode":{"drawMode":0,"name":"Shaded","section":"Shading Mode"},"sceneLighting":true,"audioPlay":false,"sceneViewState":{"showFog":true,"showMaterialUpdate":false,"showSkybox":true,"showFlares":true,"showImageEffects":true,"showParticleSystems":true},"in2DMode":false,"pivot":{"x":-1.3956623077392579,"y":2.269453763961792,"z":5.320309638977051},"rotation":{"x":-0.010513020679354668,"y":0.8305822610855103,"z":-0.015005916357040406,"w":-0.5574544072151184},"size":5.9775071144104,"orthographic":false}