{"cameraMode":{"drawMode":0,"name":"Shaded","section":"Shading Mode"},"sceneLighting":true,"audioPlay":false,"sceneViewState":{"showFog":true,"showMaterialUpdate":false,"showSkybox":true,"showFlares":true,"showImageEffects":true,"showParticleSystems":true},"in2DMode":false,"pivot":{"x":2.243227481842041,"y":2.5689194202423097,"z":7.043282508850098},"rotation":{"x":-0.09507458657026291,"y":0.8661640286445618,"z":-0.1793394833803177,"w":-0.45765015482902529},"size":1.697209358215332,"orthographic":false}