{"cameraMode":{"drawMode":0,"name":"Shaded","section":"Shading Mode"},"sceneLighting":false,"audioPlay":false,"sceneViewState":{"showFog":true,"showMaterialUpdate":false,"showSkybox":false,"showFlares":true,"showImageEffects":true,"showParticleSystems":true},"in2DMode":false,"pivot":{"x":22.918869018554689,"y":-11.565789222717286,"z":-10.886871337890625},"rotation":{"x":-0.10296926647424698,"y":-0.7596799731254578,"z":0.12466119974851608,"w":-0.630743682384491},"size":76.53440856933594,"orthographic":false}