{"cameraMode":{"drawMode":0,"name":"Shaded","section":"Shading Mode"},"sceneLighting":true,"audioPlay":false,"sceneViewState":{"showFog":true,"showMaterialUpdate":false,"showSkybox":true,"showFlares":true,"showImageEffects":true,"showParticleSystems":true},"in2DMode":false,"pivot":{"x":11.56468677520752,"y":-27.48348617553711,"z":-9.44619369506836},"rotation":{"x":-0.2289452701807022,"y":-0.06557554006576538,"z":0.014558752998709679,"w":-0.9718047380447388},"size":68.10430908203125,"orthographic":false}