{"cameraMode":{"drawMode":0,"name":"Shaded","section":"Shading Mode"},"sceneLighting":true,"audioPlay":false,"sceneViewState":{"showFog":true,"showMaterialUpdate":false,"showSkybox":true,"showFlares":true,"showImageEffects":true,"showParticleSystems":true},"in2DMode":false,"pivot":{"x":-9.716371536254883,"y":-3.387002468109131,"z":16.212337493896486},"rotation":{"x":0.17325061559677125,"y":-0.1853136271238327,"z":0.03328452631831169,"w":0.9669252038002014},"size":4.777279376983643,"orthographic":false}