{"cameraMode":{"drawMode":0,"name":"Shaded","section":"Shading Mode"},"sceneLighting":true,"audioPlay":false,"sceneViewState":{"showFog":true,"showMaterialUpdate":false,"showSkybox":true,"showFlares":true,"showImageEffects":true,"showParticleSystems":true},"in2DMode":false,"pivot":{"x":2.369004011154175,"y":-2.30143141746521,"z":-12.398412704467774},"rotation":{"x":-0.0679706335067749,"y":0.7528948187828064,"z":-0.0782759040594101,"w":-0.6505712866783142},"size":74.71102142333985,"orthographic":false}