{"cameraMode":{"drawMode":0,"name":"Shaded","section":"Shading Mode"},"sceneLighting":true,"audioPlay":false,"sceneViewState":{"showFog":true,"showMaterialUpdate":false,"showSkybox":true,"showFlares":true,"showImageEffects":true,"showParticleSystems":true},"in2DMode":false,"pivot":{"x":3.737144947052002,"y":-2.063930034637451,"z":-5.732404708862305},"rotation":{"x":-0.051032088696956637,"y":0.9472798705101013,"z":-0.253327339887619,"w":-0.19084368646144868},"size":19.185373306274415,"orthographic":false}