{"cameraMode":{"drawMode":0,"name":"Shaded","section":"Shading Mode"},"sceneLighting":true,"audioPlay":false,"sceneViewState":{"showFog":true,"showMaterialUpdate":false,"showSkybox":true,"showFlares":true,"showImageEffects":true,"showParticleSystems":true},"in2DMode":false,"pivot":{"x":-0.6499999761581421,"y":2.020000457763672,"z":6.03000020980835},"rotation":{"x":-0.20822863280773164,"y":0.339714378118515,"z":-0.07709512114524842,"w":-0.9144119024276733},"size":8.130403518676758,"orthographic":false}