{"cameraMode":{"drawMode":0,"name":"Shaded","section":"Shading Mode"},"sceneLighting":true,"audioPlay":false,"sceneViewState":{"showFog":true,"showMaterialUpdate":false,"showSkybox":true,"showFlares":true,"showImageEffects":true,"showParticleSystems":true},"in2DMode":false,"pivot":{"x":-9.14431381225586,"y":-6.186755657196045,"z":0.596372127532959},"rotation":{"x":-0.15308266878128053,"y":0.7638019919395447,"z":-0.19549858570098878,"w":-0.5965418219566345},"size":128.88699340820313,"orthographic":false}