{"cameraMode":{"drawMode":0,"name":"Shaded","section":"Shading Mode"},"sceneLighting":true,"audioPlay":false,"sceneViewState":{"showFog":true,"showMaterialUpdate":false,"showSkybox":true,"showFlares":true,"showImageEffects":true,"showParticleSystems":true},"in2DMode":false,"pivot":{"x":4.179898262023926,"y":3.805283546447754,"z":0.903590202331543},"rotation":{"x":-0.10626880079507828,"y":0.7285388708114624,"z":-0.11589141935110092,"w":-0.6674933433532715},"size":5.727994918823242,"orthographic":false}