{"cameraMode":{"drawMode":0,"name":"Shaded","section":"Shading Mode"},"sceneLighting":true,"audioPlay":false,"sceneViewState":{"showFog":true,"showMaterialUpdate":false,"showSkybox":true,"showFlares":true,"showImageEffects":true,"showParticleSystems":true},"in2DMode":false,"pivot":{"x":0.02000001072883606,"y":1.2999999523162842,"z":1.7799999713897706},"rotation":{"x":-0.20222125947475434,"y":0.07981569319963455,"z":-0.016530493274331094,"w":-0.9759678840637207},"size":21.842208862304689,"orthographic":false}