{"cameraMode":{"drawMode":0,"name":"Shaded","section":"Shading Mode"},"sceneLighting":true,"audioPlay":false,"sceneViewState":{"showFog":true,"showMaterialUpdate":false,"showSkybox":true,"showFlares":true,"showImageEffects":true,"showParticleSystems":true},"in2DMode":false,"pivot":{"x":-59.063438415527347,"y":-14.293975830078125,"z":18.607162475585939},"rotation":{"x":-0.15359404683113099,"y":-0.16120854020118714,"z":0.025886790826916696,"w":-0.9751067757606506},"size":39.33428192138672,"orthographic":false}